microfone	microphone
microphon	microphone
captian	caption
capshun	caption
captin	caption
skreen	screen
scren	screen
screan	screen
langauge	language
languge	language
inglish	english
englsh	english
englis	english
urdhu	urdu
urdo	urdu
stert	start
strt	start
starp	start
stoop	stop
stap	stop
stob	stop
paus	pause
rezume	resume
ressume	resume
bak	back
bac	back
nex	next
nekst	next
kachup	catchup
catchp	catchup
catcup	catchup
speach	speech
nois	noise
cleer	clear
acuracy	accuracy
accurcy	accuracy
realiable	reliable
